Hour,A,B,C,D,E,F,G,H,I,J,K,L,M,N
0,218.5430534813131,362.49935075724454,158.38645821354316,275.3998401336555,15.49173832917603,1.281702147368255,78.78051004299574,0.504827395406418,600,3500,81.77119776693543,28.015245237218306,52.256617061897394,0
1,207.4242523008439,353.07080454510896,164.31291072694154,272.5047123637915,15.442471030579945,3.017806354675379,62.0486038672666,1.429384006189761,600,3500,60.21155938469634,16.756839831250375,32.7912183295375,0
2,210.61327414773774,341.18299346861846,41.07988328853506,271.9479937804874,21.472204382990824,2.3312506579137136,71.12402818171805,1.0332395156620362,600,3500,66.67298504605215,19.85038168175805,29.248714745640708,1
3,213.4036870697391,339.461946846615,139.74958637880184,275.83052175297104,24.772863808093316,3.604426763132516,36.62623363709242,1.6912959969156263,600,3500,73.63260945035037,28.206170825668057,43.11569854919189,0
4,223.50883991780438,347.03675603132183,164.45900727195672,269.6491846147833,30.408148356155863,1.5314493683421577,73.10072411363113,0.6394859597346982,600,3500,79.82821805283746,27.650480733700373,45.987539119576816,0
5,217.70005857756922,360.02308394387364,80.3164460540716,268.9354152100339,28.665907532130106,3.0778778566784935,76.13785952566971,1.3823034004225858,600,3500,72.1568075531065,20.943562415318453,32.7072692969958,1
6,212.44836050578775,342.018637838037,88.08053697532048,269.17528428625116,23.918054127534965,3.5143458689443308,54.353095940946794,1.2214593348291856,600,3500,68.18956478538303,16.664651217773493,32.804484240233,1
7,206.73455884824634,337.0011193004228,119.41240730034056,263.53952345857493,20.472533325633318,3.8338426584220695,60.31264688754887,1.463488288857841,600,3500,76.38029892901204,15.57899099792749,38.55103664753929,0
8,197.4937304707753,329.8769396330084,15.820647355540647,257.7130022589918,34.94249000315422,3.049744084868937,68.24049004514977,0.5972803917244525,600,3500,65.43704685860281,20.52462765235137,24.42913694021544,1
9,171.36824034383926,320.07700114440274,103.4029580191217,258.5029684800905,23.523626044719457,2.491524292025282,38.741931363020626,1.369975681142197,600,3500,58.25252329344936,23.042963870381648,31.955256788742183,1
10,180.87193716780828,346.55881474861917,71.31992202899795,257.46020731219284,24.02774048659351,2.8535417206036415,55.12830382317212,1.3422268819392855,600,3500,54.41182292547977,16.117169897920864,31.554124526508556,1
11,189.03638797732157,352.63354041303353,104.97423213159524,261.4640274675579,18.272476423833382,3.6067149534361547,49.933151388615656,1.3409901416242564,600,3500,65.17221326620546,17.829904048349498,34.50006561810372,1
12,173.79762800116296,333.72028109800783,44.73101822758285,253.03795770239793,30.89619097499859,2.711829239916489,37.31869960811245,1.4052314998946822,600,3500,60.1048670558296,25.43143883850971,32.742733127905915,1
13,169.51716735940062,347.4882103038295,268.25291141456955,250.23250547936763,28.87364451562977,1.0911611790905105,48.37672111457657,1.5147019058395434,600,3500,69.57859220028946,24.08556802452134,64.31466095525037,0
14,162.09309898820888,379.320553259019,182.14181153067412,248.3987770669389,19.41539225577521,3.7928460865209335,33.40861546927468,1.7074834995211545,600,3500,77.83267456525708,28.575476104184105,42.46039952823339,0
15,155.0596609711348,394.8075321672862,206.939672551902,254.90968833192773,16.647620912316853,3.0685802530946833,31.290595347474348,0.9047310801923215,600,3500,69.21528704662555,29.592338445476393,26.34017624320296,0
16,133.66345441037242,372.016982677976,238.8596591961281,247.38637813538452,28.60998604149426,3.0295401573317395,36.758314457741136,1.737574115270093,600,3500,64.62984732683462,30.863554170134847,39.946032724124834,0
17,127.36870480112992,364.7534715849822,154.5482376894266,249.26359417662522,28.090224285622703,1.6470254571931515,78.15575557945868,1.2473835233951804,600,3500,69.5400183639664,22.890148608742074,42.946126077081004,1
18,133.345909470256,383.75713882278154,35.206883545352866,251.28563823692832,20.465190539964187,2.976656410697972,57.47647679475085,0.6155874187014967,600,3500,58.61951342662965,13.253170165283771,23.62996285215872,1
19,158.94078978063393,373.1420968384998,165.76089712737885,264.4568161783681,34.0172712450082,2.1815932169624754,78.291108057661,0.5878263938659688,600,3500,69.97772113909816,34.08076830225192,30.281511587531988,0
20,162.88311999942994,379.79938826069326,180.18392422605496,256.40010126391803,18.021157835618006,2.9536989311244763,51.6248939165066,1.0013574780440913,600,3500,52.677571967711636,18.734255878017123,28.545541247620122,1
21,164.10531165165673,391.41889906213333,226.1774475134557,251.14223471897807,23.64669602085204,1.3197790909239722,45.59080665426298,1.6773454656672013,600,3500,69.83661419704245,28.535190819497906,63.20178233641634,0
22,158.9509550307322,377.5149419884621,135.18126840660702,243.64338926119152,33.872318403351976,2.973535913809108,55.30709314201221,1.5615214021113737,600,3500,59.48747286199688,20.683223010047953,37.22602402063281,1
23,152.94841652967307,376.62206164753513,46.99828781071349,230.28515588464433,23.394546338522446,3.998241177312,51.9755844316455,1.6829224470086097,600,3500,68.11774800071021,19.775687216412543,46.16721878515742,1
24,162.42281474013944,328.003051546499,92.2950126816301,244.40265135874608,27.77051895328171,1.144636116581668,35.2832342130872,1.275903584662414,600,3500,78.68493564272366,26.20724657675455,54.778284015532975,0
25,165.33315475276126,312.63723692648466,115.29386595560418,234.4706415111531,22.951887959255885,3.931522552663952,62.04131573451031,1.160298496933236,600,3500,77.22358673502589,15.982469914126925,35.18935511331782,0
26,158.97755735001488,308.84871465558723,197.31599998616434,227.94019823871434,20.4843040469734,2.220723882168612,40.80190912547998,0.721178790059426,600,3500,59.23788255107855,26.8936541184002,34.24759565019416,1
27,148.7620354032589,290.1319669261145,175.52570835398444,238.46633030497162,34.67955295919656,3.6122603510117774,60.97939774489148,0.9922891304139674,600,3500,68.77034932339474,19.146008094057066,30.735217203262067,1
28,147.14448153928367,314.61813648508905,113.26805051037542,224.4414739294659,23.18668012630086,3.3471564521748203,62.51005461990767,1.1510290492608128,600,3500,67.69938711130477,15.84869753064422,28.306272930727904,1
29,141.8079935008588,293.16601581567954,296.0894221499641,230.49228648376496,32.881984073582686,2.7010487829600036,37.601242656432404,0.6329006445194258,600,3500,53.59779043621958,37.91495295706207,28.18123565942276,0
30,141.75271487765752,286.5653485152248,185.67469761349727,219.18809172103073,19.599092117821723,3.2153476277539794,33.06748135553341,0.8309179290668169,600,3500,62.05262184203242,28.833848844937872,23.635494387573136,0
31,139.45821033933797,288.52645717451617,78.7957696034384,229.16164961326743,19.262094080501665,3.635546683904044,69.038079303422,1.3973379410956082,600,3500,75.53330895948783,19.569623835030857,32.930163411523175,0
32,143.3516994718992,310.1455565105079,39.516917059917084,211.80262811694055,15.622681657690228,2.212420964953099,52.99002118846601,1.6034946713587848,600,3500,56.67114478091371,15.745405619267073,38.30240062353468,1
33,130.70050833267277,288.6076242428163,54.329150363456286,197.77487278693525,28.033336507517703,1.981099484689716,32.90818977527379,1.9975212670894245,600,3500,64.81793760306607,32.28675557287361,56.298612124080215,1
34,141.62043097624948,306.05508052514074,81.32774123150736,193.415494907264,22.370526874475225,3.002780156690754,79.74331585848836,1.8996699970153366,600,3500,70.06568174583539,28.301930989790744,45.35338994589563,0
35,169.40356139177388,306.20857644043457,56.59759824527114,201.19007642864588,32.28716499679274,3.4235378258237756,32.88902804981833,1.4638477993027874,600,3500,70.622514267785,26.172174992905482,34.14124324979158,1
36,181.33995863459705,291.4859466747153,64.10443697487867,200.9424104235533,24.464198133831143,3.286855404329847,64.75176144292766,1.131872079941108,600,3500,66.03999218329521,13.514208776958391,27.233180739568834,1
37,183.52634179513566,298.4174987886644,92.67759892121566,198.25668984046072,34.363868558294435,3.3934409465759034,79.18394626317068,1.4542660470623492,600,3500,76.56491829118384,26.77475863587922,34.33708098544187,0
38,192.34395218462177,301.4033942222664,60.2783426354789,209.02504350017847,18.71051031406242,2.306749944438799,41.95900521079628,1.678477427120348,600,3500,57.47439081313044,22.09820718116532,41.36064312177308,1
39,182.25309875597068,292.40014106488445,270.0619731416633,226.26695980764305,32.37246335911222,3.453502648525065,37.11246843435981,0.677504286385081,600,3500,69.32071642386862,32.362644062279074,26.967011556309608,0
40,166.4201566206018,293.4471723397347,33.26778624187624,231.64501808295321,30.531937055834835,1.3606271661118252,36.069246971121444,1.1148573345444324,600,3500,75.24918067784581,21.68089182649613,50.00247538685815,0
41,174.15716078893863,287.6674683868083,162.10830297537385,226.66218205814295,30.41843689288104,2.6334672938825485,45.16375737837978,1.7597034284534259,600,3500,54.43440844851425,26.611509027695263,39.88329342850378,1
42,168.77574417230903,289.370228565577,129.01507982700184,223.31703778606877,31.895664562337753,1.0172759814943646,35.052290550532334,1.075749427899566,600,3500,79.80511251538621,27.72460707875751,55.84688398895583,0
43,155.30896319869558,299.3021886833927,294.88979890349583,213.00945874801016,30.220479818859978,1.973757489700811,64.60806708470659,1.3578084068407799,600,3500,66.03248213335112,23.533079484122855,36.494613042162044,1
44,146.5030505382245,323.092440925573,42.49128162873518,213.8159981260426,27.524406432628307,2.0993846046141935,33.114589906503134,1.3816540412932974,600,3500,61.170349716623086,25.403189215011743,34.251677380090705,1
45,135.19752749140883,304.52520844317024,125.37812372326508,200.77925423823197,17.624897553647752,2.1885180748277664,55.471106407489486,0.776714379700459,600,3500,56.8450767020982,18.641619015221412,31.414458842591277,1
46,136.54181631768904,336.52070906301424,291.14642564985695,205.19416348070797,15.650523589825038,3.0864016200695863,79.83484269264883,1.0433531624784327,600,3500,70.16769636071976,24.764773982563774,26.92199569500776,1
47,142.36304426481942,307.23939207017673,260.9970665092543,221.2387558458276,33.41695695631374,2.1656743038110373,70.69851347530094,1.0017669331128982,600,3500,64.5028735514935,26.2358435791779,32.18299565182644,1
48,151.240528860753,304.962615644643,246.95090057529117,226.979488484172,27.33300629041476,2.3460808678675917,60.76097191155054,0.5392950627980972,600,3500,54.73408685108717,26.088212514319974,31.615640650370977,1
49,160.1838521618406,313.78737374191167,84.79181984303256,223.22630672261252,30.930745819523526,1.7126323926229823,45.312681039330585,0.5362876458370329,600,3500,60.578433314379055,27.117589749556984,42.88413369853677,1
50,167.73383013428796,318.00225175793713,59.557400343119085,227.44180602366686,24.630447030251002,2.1197553748880202,61.19479181458192,1.7475455655136602,600,3500,60.442121707138135,18.467569280605876,44.848058055844554,1
51,165.66217123324222,308.6617589606282,203.906533778085,240.40607358499386,17.346163779247888,1.6818088817894545,56.35207319558258,0.9096062149592186,600,3500,59.95440554130694,17.559013516303725,41.21445085472531,1
52,159.42739728339262,305.53992520526907,279.5190368469999,252.97003066708297,17.50371584405101,1.219587771305331,51.30416919451858,1.277118149358223,600,3500,68.43205070839235,20.975678491919787,51.79605648420858,1
53,144.3458643879178,298.1449111853866,171.46123897403965,244.939967534576,28.711305744579427,2.8103457801441336,36.535518837009974,0.9480883603831596,600,3500,56.25702883374285,26.209541065889066,29.220696478790337,1
54,155.34233414576602,289.3044398312234,175.76767994627096,249.02233865123458,23.606117897989254,3.0046383956650486,74.33021076202334,1.9110188676730107,600,3500,71.06414023459227,27.53673259329351,42.11689426495453,1
55,153.56501293305948,302.0484712865388,91.19393716148241,247.757526730673,19.010494534006735,2.8584710380288434,52.48923244106612,0.8889451382986606,600,3500,58.36809391982351,15.116965230570898,24.910194634782474,1
56,149.46117984619647,307.40370357601455,233.1529506256617,254.21027271398248,24.83189093482874,2.390482131401717,39.73112559103825,1.1444852191084025,600,3500,53.659317287734495,22.720280996924416,29.51697666344762,1
57,161.2583432932035,297.01005964710475,64.24268708168178,257.27918434451664,16.284178741502682,2.1393573405376896,48.38796754386448,1.8090953757269028,600,3500,56.851534231871014,20.691343993058563,44.369614093285584,1
58,152.2762638986467,310.5040577786035,103.86697855723067,238.32141306864105,26.639428038287974,3.590000948715476,50.706487626446346,1.762900350187713,600,3500,67.74927057996894,21.850190788215397,42.78042224098709,1
59,160.624218090951,315.11355059175264,133.37656719876088,235.53730837826635,20.379868088701954,2.557245355408654,71.37689477834371,0.7791521267694159,600,3500,62.707216238970716,21.882208943556986,28.210896603710903,1
60,163.5898319342407,327.30648237433707,157.20700981849197,237.1257752814367,30.951182012743764,2.4375456328891927,66.6807190280701,1.7039649646935655,600,3500,58.64063748832035,23.27059121648644,40.68352032702221,1
61,153.21153316908587,336.75091500319127,80.29882240037327,225.65085554416592,21.207239178471475,1.076926197419307,68.46524468206698,1.187280330106839,600,3500,80.62669241838965,15.156742297980443,54.7985879746098,0
62,152.45349571880402,324.31598983936016,43.302679174369025,230.2990316230938,24.104402981636024,2.0237434828784693,30.55156322143236,1.2244533081280329,600,3500,63.702931779993676,24.08709189020603,40.32054027850074,1
63,162.1831310563619,315.91327423640564,187.07981230807346,218.10690968927756,15.232410798162013,2.1405868563575714,50.80769990898808,0.7002199586239157,600,3500,54.637537058759534,21.40844290300749,33.39948852250053,1
64,170.1390856953213,327.1226783132546,93.70286043967417,211.71939730994112,16.448937755891176,2.1964683426907015,54.06720758176618,0.620902270635687,600,3500,53.988021436035325,19.001663504528057,37.33464649153356,1
65,185.09342822415604,336.27823229475655,178.55908421255756,222.4498926675422,22.849871128133696,2.7405171076819967,30.959613841152834,1.5919089604606478,600,3500,60.30808156938033,32.63848637240134,35.08730569910013,0
66,188.47524074408923,335.96470838529433,54.76518742951867,215.37967035662805,24.59877669434247,2.6008076401806353,42.99066043725171,1.2446917285329495,600,3500,54.095225386743856,19.140827390564812,32.98408935093439,1
67,222.19820328035595,337.72461913492606,149.53062953789706,219.97140603024147,27.000410962386074,2.823715278380334,68.01449115610674,1.1552760539227693,600,3500,64.67167902655284,18.66407391441806,31.277101056327997,1
68,212.9942952296822,356.8895925717524,164.4509354399599,205.94281628697198,20.833251574186065,3.294649784626385,36.855485286449955,1.5942623429785951,600,3500,70.56725211900255,27.70040231926005,36.94828325010448,1
69,209.00791132953017,348.016021739215,25.028825678503804,222.5933335410931,28.89963772253085,3.4389572161482804,56.76550657262958,1.6482693484866646,600,3500,67.60871385018993,17.642363791648595,42.440491757373714,1
70,208.3992704547827,356.22248245676553,107.61524067623697,220.15690443319505,32.202447943784094,3.1543692286794833,40.76009360086188,0.7383622515040303,600,3500,65.33793678034363,26.289298934646915,26.706790823356076,1
71,194.21176586886867,353.1895926702571,48.98025631230253,220.9194708887768,30.597019777866997,3.866571087864804,30.606038732194662,1.415337724216462,600,3500,80.80660615716023,25.390520727881203,37.9200943945918,0
72,204.63668204226286,349.9243746218488,28.378741437102647,222.3517652611685,15.792376506967143,1.054697748029085,42.06007287997707,0.7030311234165283,600,3500,81.69771417914167,20.54053595361457,50.65816218574634,0
73,213.6720069485213,366.4060274016567,297.0884673930841,227.21230017581937,24.610138945156578,1.5873339570506384,78.7936877455027,1.6270626290435686,600,3500,72.96817509561723,31.894052100930676,54.430703494076965,0
74,213.8620102591428,378.7872726364771,103.48261504266966,215.05886031192995,17.098603568363497,1.0226886249344265,70.07685559414948,1.4854327344007092,600,3500,79.49568873581894,17.89531437536324,63.065710874924086,0
75,208.51784572240774,390.9899171764867,244.8635892978441,215.01616854523664,19.84090031725055,2.942424142463809,77.97883221605167,1.9349219316251869,600,3500,73.00206077478605,30.664588447737827,45.51841310066616,0
76,193.56730701426437,410.57209928380166,83.84578988149151,209.74601793898577,34.73325186534293,3.6940916468499605,54.392702196318126,0.6034370245346318,600,3500,67.13607630956648,24.01958275513127,29.321606086499035,1
77,185.67472372728517,410.88715690829304,207.6357894449395,196.2295601303596,17.849910858030263,1.7304468897288978,35.48680993387518,0.5855820817268815,600,3500,68.47587726961405,30.259869946604667,39.616277235510715,0
78,193.11183656499745,421.1164514777175,230.4660793680091,204.12653773138928,24.97776306902712,3.78110363438892,57.39797444868465,0.9232806120398003,600,3500,71.1323036374031,21.60752677922762,32.92697823603084,1
79,190.99022234788117,416.46245012881565,182.73523477627484,201.30915386259255,27.36311468636238,1.1808021708686827,52.71886672799805,0.892558525603859,600,3500,74.01708052373975,19.666657772121173,53.50975132033083,1
80,186.72153440748394,421.32494541614227,146.75709467954593,203.2493172674927,29.049299410882078,3.803308080416543,72.2178541369808,0.8704681986079997,600,3500,75.32907676319373,23.281456568043687,33.444456382903866,0
81,191.736017722732,419.372799600627,129.43386510270787,204.68808061731718,26.192973669738283,2.0548680617189032,34.90412903921223,1.859381870781555,600,3500,64.92024674889626,31.043708997245176,53.41149262207991,0
82,203.31788425205227,420.82773907551774,111.17179729746864,202.00926243830827,15.195416948383674,1.3042624853476497,54.412056851088906,0.8743192997742592,600,3500,72.39797830613725,17.219547506285817,49.50652834471306,1
83,205.88905295261506,429.75509445707144,279.5634518318695,217.80948126735453,21.529226164879837,2.457615277558977,37.50243323469921,0.9079245891929465,600,3500,52.43595598614263,27.06816162508101,28.78523194407895,1
84,209.03418191124678,417.48178420856937,250.87962825844144,217.43136404632244,25.35423286769423,1.770329703161524,46.233796344503,1.6390973936269455,600,3500,63.13426859886353,29.33156337649956,51.857527089972656,0
85,222.75280324674455,448.86759334385124,289.8578040932886,204.9677455049091,16.757329982896668,1.8546187058857684,66.86785386938999,1.17460976367581,600,3500,63.731218824532554,18.826296248756602,42.26321935761388,1
86,224.50833618629287,433.7773326213557,46.04619481080797,201.76469462344255,22.012538624183616,1.9218698947788597,53.80090646843833,1.6650658354327719,600,3500,58.89638486544723,19.080922178111994,49.63314444733633,1
87,221.4154507218471,415.56450342953974,221.95156780905683,205.76259558433944,15.66406217582733,3.4090776934979905,48.794414257288466,0.5980492363465779,600,3500,62.10531550714598,25.51713348968976,27.605392763428664,1
88,228.14670574958686,432.9361665320408,282.118732478101,210.02335645930384,16.571569943100414,2.6174838300257637,49.72381392850177,1.2313567905100764,600,3500,44.393259510197076,22.834170535934117,32.51570498744874,1
89,225.5804039226613,444.8111069414848,62.55758918804144,201.32110897720975,22.93846552403192,1.933923097468011,52.97233842029933,0.550420400274924,600,3500,59.141962051786294,24.686366208858768,37.89723730781303,1
90,221.9021466813337,454.17290419726714,29.283917536365472,208.7569690359679,17.654315080861206,2.8310013499327553,69.25082719185284,0.5939798051830318,600,3500,62.94179348642648,17.915838334814875,30.540254746611694,1
91,234.63948288272925,463.59808683623135,224.92498829411713,194.65403360499957,26.35081696523116,3.1484520226695807,74.60423444701172,1.8596561800166165,600,3500,73.67612667128851,28.80525319227529,43.72672776252934,0
92,231.71995617447305,463.41438524352765,176.59720282217444,203.80711522593091,28.789299382745313,1.8178720022006014,77.76673432519641,0.7088680566763927,600,3500,73.67448938941918,28.77058518539022,35.75898895788057,0
93,205.16819569883836,449.9555696712402,254.1303452598989,193.25233211283168,31.011733982181656,2.2406473045760547,69.34516931276475,1.2986310234128258,600,3500,66.63432416963029,21.882597844063817,36.921081318428115,1
94,208.62337513772601,451.0926380441461,50.533989221623955,191.44237036076228,19.0030048848962,1.3656582800108428,45.77034478740064,1.1166434039010598,600,3500,66.78585281005263,18.52746750473213,45.030755665522946,1
95,204.6682106219231,440.93521237146444,240.62752043936817,199.95891978497588,18.349651645181396,1.543448048604041,64.4067353043271,1.021014989388264,600,3500,68.86900356328083,20.724500523860726,43.42910761929862,1
96,201.77684205722366,455.5620083727307,68.47192281384591,200.91576513607242,17.091356806688005,3.0433535618949485,51.8801562027696,1.8497500185309086,600,3500,55.9305696346173,21.46502872486646,41.621090461462636,1
97,206.30620532255875,453.35614765019864,57.46022343105431,207.44935327778097,27.728604990872732,1.5443150430868808,42.73353110230256,0.5327350951632343,600,3500,64.43649205595757,26.678466266617193,43.18720937820498,0
98,204.6455962390481,440.973689698311,57.637081399987956,212.39864895546043,29.129514529738024,2.5754901510011807,72.04357897129613,1.4956845292633836,600,3500,54.42801851984577,22.84349685962738,34.389829222424225,1
99,206.79498453999565,436.1529020735161,246.2266688671008,222.68879786269724,15.63172289651284,3.127138785167298,31.92131744811625,1.9450916513203256,600,3500,65.99522193449387,32.48562684851816,49.46691764368411,0
100,186.5718352080383,442.3468738876505,202.90719400189803,231.18647667000693,33.7242449248738,1.3206307692842314,75.08809960677118,1.3402522751927628,600,3500,72.67771783103662,25.31606350671019,55.36637642666581,0
101,177.14126712336568,433.89100559559085,161.6889731830446,227.55652220171538,16.03942567302945,2.7019366588867104,53.0738732312367,1.9052336930496376,600,3500,53.12196466129254,21.737136464317345,45.105756913952376,1
102,191.1808545099586,421.55769966209436,114.06084039581572,232.6200552720631,25.82592670602141,1.7696883511040913,61.86007384041402,0.5783868189290357,600,3500,61.85664773341964,22.085805988892716,42.00061932379926,1
103,190.9953464648422,425.21300783447305,264.3881568358014,220.40764037848112,29.18121038901833,3.8887806257127395,62.96769611028913,1.1281899786112422,600,3500,72.88268050638631,17.762305284128487,32.69371354715954,1
104,174.26030024493997,428.8875064011039,123.80908115256426,219.94440111977883,32.41938247492171,2.4506369401597743,74.75588703532682,0.8902366864430767,600,3500,58.73849192932537,24.18583550785316,26.651311299788308,1
105,163.5349819005834,421.28335877053695,246.81383744675736,226.49227899688714,29.281738642648556,3.4179776493254743,61.833484108360366,1.5962314474710948,600,3500,66.40800026098094,23.09690923207864,38.90760320809784,1
106,153.6091201065515,414.2177841862621,137.34912348536335,227.56306023085514,31.034561661395838,2.6506796264687855,60.696679238003085,1.97194563574587,600,3500,54.71928593548111,21.71785140754287,48.78975773397076,1
107,154.63259693204816,417.69853324662665,119.3138845332232,231.13617808299182,21.78900385085612,1.1302375985644575,33.3326020280345,0.8847950936663718,600,3500,78.72125017563364,25.68314693764549,53.23058663876993,0
108,150.30650412656803,395.9772681241668,144.17713784418586,229.4299990752655,31.296502274930244,2.899454126782067,55.9204010972602,1.4812619022111118,600,3500,54.8193111460618,19.819879165622034,30.75075410967237,1
109,143.71468110220326,374.86531150851846,97.3995835076012,238.46255457554665,16.6022969276935,3.8542100266199713,37.50845004085208,0.7971464491396102,600,3500,75.3661558593936,25.522301827852253,34.589532516926155,0
110,143.7540541465173,364.08864818973194,226.80672025111284,237.8192283858747,32.89633312121055,2.8048354604389933,66.87168843607428,1.3479953818574149,600,3500,67.59408079630948,20.572836385966664,27.202415981654813,1
111,148.53159514085257,360.8869409140542,155.78891312681895,234.09562692664227,25.951847523074726,3.4575665782803706,55.611096040633726,1.1958987300325044,600,3500,65.98255357450391,15.096868399466238,28.768713587536837,1
112,145.94130869346367,365.5505543980243,77.34168159257702,241.18776622719471,31.345955399249874,3.6526193900452233,64.01138896041766,1.9580079944473057,600,3500,71.69644200497486,24.35272145905594,49.861216411274825,1
113,140.1942166173297,387.68089765226756,270.87662624962485,229.94648684827902,24.046365690366002,1.6842393158467974,32.083645030119214,1.4127909090446997,600,3500,66.4214711798282,30.19258407272113,48.841145438516314,0
114,135.97923441393084,400.54579200029787,121.32845419823131,233.9547535964178,27.871553903930497,1.63613451972468,34.23960080229016,1.024259558130228,600,3500,67.2904557054538,24.804955951243144,42.06226770527386,1
115,139.37744405579727,398.14671405084647,167.6303297230567,225.61487460260068,25.528053218722263,2.832942966552975,65.81616940313411,0.6711436773319001,600,3500,57.60841684570322,23.456557885801242,27.169098427254905,1
116,139.30364255635155,397.86147093230613,272.8769121797186,235.838289236506,29.631790435106637,2.2330854094201142,33.60421679993367,0.7268702431024019,600,3500,59.97257167368005,33.029260483948306,29.38124132395793,0
117,146.97661094341558,382.823530462739,191.0290188150577,233.75007121053164,16.63259964061179,3.5195839086001612,33.56283638826293,0.8379753949268527,600,3500,71.26489200377141,29.418682013365785,29.223367713199284,0
118,135.478685168472,382.54583342285315,43.90043180542558,234.82994897708915,16.207041679811276,3.7000693701940337,30.605423761744373,0.8764499920104469,600,3500,69.50253813392945,23.434153206188245,29.868590982682257,1
119,127.72532410890256,378.21595383905105,282.5513158479078,238.1305121502421,19.94206468020293,2.0602641379081543,77.82506991497401,1.7759240867617068,600,3500,67.58670837043864,29.34783868567448,43.65154561464427,0
120,135.45673266779505,383.0567322441224,192.03533539071117,222.69303537972885,18.190893602263767,1.7106116769234463,66.87541797295034,1.3418341824237874,600,3500,69.96234687011727,19.505425058016716,44.93885041084714,1
121,127.43845423429812,370.6482680908375,107.12262825055498,217.488356647274,32.435671331844034,3.3415765457315856,47.66257042510321,1.2850863670615498,600,3500,59.671113738896814,19.801165192855063,31.874669363619624,1
122,141.2786114236249,378.4384658044551,50.3889010723823,225.83672392156643,19.384279747160885,1.8244181066444083,44.82677906438276,0.6721533078038262,600,3500,58.359960093332184,22.784233244942545,38.686257639300685,1
123,155.3306644824068,401.42954949949376,240.26730488838584,232.77884411493355,34.51730511638263,3.4678429555410353,47.48516148729247,1.7902095400241524,600,3500,59.751537747114455,29.501644505768873,42.6160775299916,0
124,169.25392201732583,399.7981472726409,189.82109921926892,235.04310175809528,21.737915835422136,2.2712147609462887,68.73267655905909,1.5842214548127256,600,3500,56.008436598023486,25.176022958239702,37.961806139770694,1
125,160.44751383202814,405.82382310412504,164.70371667313324,224.24739318669108,18.642358313773986,3.0026496978744115,63.068530553520716,0.6015025428500024,600,3500,63.49739177040825,23.04347077613482,22.177096508313397,1
126,161.21646331787386,416.17598297979174,269.2288490847777,228.93142087355972,30.79397014284958,1.2866059415040045,39.259778393373395,1.5617526458446531,600,3500,70.40785425365554,28.7199961854719,58.725344172707295,0
127,156.2821384958406,410.1576759015042,238.69319125511393,234.63861759520327,28.17415551001752,2.871577974029719,38.70546676670422,1.3153073260139692,600,3500,60.49804879795795,27.842590987092798,32.39077175707877,1
128,165.5137645792601,413.51906312866043,53.985715122497844,235.01475530019323,24.96391432906278,2.355303036211687,34.91978248566986,0.6225880186201673,600,3500,61.08813520338735,26.314571762535696,32.105236052371666,1
129,182.57981411604473,413.70794914038737,100.39939966070898,244.80012290492488,26.107271018752627,2.7598253895264224,63.015135985066905,1.1874509622929847,600,3500,60.87734119873117,15.012523161987987,31.04160824911083,1
130,191.31570827239852,415.1730906186198,82.06185054619506,239.3326685838839,29.384035565445277,1.5040426232345903,68.2186331110868,1.2270444306950705,600,3500,70.97927182142165,17.281313356043587,47.380539087227106,1
131,191.4071517297999,403.57794386078785,225.74442484607633,235.2538079638841,19.569094826625975,3.2106212348325465,43.2523214162502,0.7486618102449136,600,3500,62.78829476265166,25.251714571139107,29.461734080023138,1
132,187.75175876147446,403.945596474672,19.72440607337602,215.37691533119758,34.92667832113484,3.588391232629686,31.04724805154564,1.9185472205004235,600,3500,72.2145414215485,33.332355019674445,50.196326050833434,0
133,194.24262608776553,411.41557084335375,175.2680086126818,222.73553541237888,34.49586324293566,1.650219400272327,34.10858337382137,1.774963057220993,600,3500,67.05811322592639,33.65159844192835,54.94368035279127,0
134,182.01389072101247,433.18272496027936,231.11301886480027,225.24643112013996,28.00651372693874,1.2871436665604852,78.39300174225153,1.5035335059936625,600,3500,80.77323785703597,27.339940241050634,58.93224351212108,0
135,187.37725104483312,447.5717873515575,264.2620346609074,211.79186851907411,18.990849018582903,1.0709157581390092,44.77223887387101,1.193443341500911,600,3500,69.19280092300453,22.032932317286186,57.8238025523199,0
136,178.23034173222035,479.8695242142308,109.20370712761317,197.72307651912092,28.604564848625827,2.925914501329798,68.46115739190668,1.1176483123767627,600,3500,56.35024568196162,18.515037506938782,29.237027657081523,1
137,184.4358238918377,468.35931077091004,248.16461835488371,190.74203150015285,16.443968179583518,2.821282108266342,61.23317844271319,1.4764602007264314,600,3500,54.687737288254596,19.423598085174604,31.258726190658255,1
138,182.82645012320708,481.4441203217202,42.08320371701009,197.09129503599567,15.613050044116122,2.64009223814221,49.09698198264479,1.3181478041103583,600,3500,48.12763163197864,15.043565029623878,29.32070125421064,1
139,178.94380613344094,484.1942504077955,255.47116460301027,194.68841113128664,20.153657770224275,1.6958412883479261,40.28436310977776,0.5934096588228284,600,3500,66.87965586749749,26.151895865247887,42.978665105403756,1
140,170.08868239515246,517.0412944060606,46.9717120762749,188.25011579800403,24.252459134786328,2.172717987716544,36.06932090797032,1.2687539731554975,600,3500,56.47521237065855,21.723003522967275,37.064876163986554,1
141,166.52123213747052,504.91682012573335,125.21331426250651,180.20118865333606,32.36545010816761,2.783429005558519,60.75064840194333,1.7096054258492592,600,3500,56.31957504772218,18.421223158638124,40.392538221400834,1
142,172.08245012281017,492.3209924930217,241.21565607607056,171.79389299071056,29.54338139532616,2.490300576577508,68.7316890318894,1.1888598163954371,600,3500,54.5491777066687,21.162115140054414,30.985408348172275,0
143,182.52105623199674,483.33010281136137,53.4760539311444,156.3244665818501,29.85413042399962,3.963356560644662,62.19521267705653,0.5779348663314026,600,3500,76.72061603996013,17.84002046977865,30.076504256028418,0
144,187.7855378453437,451.47166694671427,76.48290461746603,146.6652999286791,23.50986668896151,1.4093192576701994,56.51510666245792,1.6794172990760496,600,3500,68.5698308621931,16.32412870921462,58.50489254545896,0
145,201.42440308951475,443.58534162150283,219.45324483398923,138.10067529126178,21.91869985093926,3.0854336621427816,32.097561171581816,0.8020456732039616,600,3500,67.06766335822246,33.00095674371185,28.0818071264021,0
146,226.81603025220807,432.19835169819737,218.81059559836157,143.56166118291895,22.420775259692054,2.2129563043128764,78.42443887971919,0.8879312523320582,600,3500,61.51894910791618,26.32647044814381,31.68125943001358,1
147,223.57112067391913,434.45425849534047,195.9328135367362,142.23587675774604,34.752991274721154,2.2845988447768444,69.93570958272872,0.7470595301484438,600,3500,60.90861803706947,26.031329015891174,30.31857853273806,1
148,221.51245350296406,439.5805981319979,211.245048895459,135.63119801360637,15.80218382824965,3.1527932969745285,44.64110183504824,0.9953225973072464,600,3500,61.31661488668339,23.65069882978643,31.209258720014308,1
149,207.11203902612607,467.72316072023614,167.3900885708029,154.10898005685587,32.34062992244897,3.077308453973109,78.99851646794252,1.6351272585329526,600,3500,70.57126378567095,28.10126637717843,37.63017650785897,0
150,219.01931158726248,481.9795182930269,83.0217270830163,148.79780474848255,26.57350817144787,3.973767981106565,60.09407948181611,1.2790787892559061,600,3500,75.21621579282383,17.315616809797483,39.44411498417435,0
151,232.01327972990737,473.3259634580908,110.25183811613664,158.13462806355165,23.77230838379181,1.3851828683623757,59.12113291036232,0.8073219112260688,600,3500,68.5362354291415,17.50672352711647,50.20488157759518,1
152,223.34181816941182,459.84974338786543,62.66333787241344,171.10349652585336,29.50515320830273,1.3123289481524991,67.4036589714766,1.8167451172280613,600,3500,71.95569702077736,23.071231416423604,63.89159438581352,0
153,229.51822662452327,467.228530960463,273.4506627867522,158.54381382459462,24.733378828494057,3.1730164513862236,70.58848940450687,1.8193727824272938,600,3500,63.286223850297404,30.19553340950458,43.95199935332349,0
154,241.68893459432437,447.42503285515335,179.18362048217494,159.13551753718318,32.468464761633214,2.7351607510192273,62.823930366575134,1.8058676375690104,600,3500,56.096676892994516,26.956357312024565,46.38670727808622,1
155,243.9518172893131,474.89691434296867,126.24691086145558,154.9952483299174,33.01403728022517,1.8224819996794177,36.40478731831,0.858194317072309,600,3500,71.00416431845213,27.776767642303387,42.84167455753095,1
156,252.4258316150795,492.58851615378796,143.9816830567985,150.2038531574427,23.434418537469107,1.2382581069669598,46.91337529972492,1.1768590162714823,600,3500,66.48228757934363,19.5213853237515,55.28844136161558,0
157,254.17416173499421,485.5508813722174,284.7121684874264,154.64686769189797,20.536555944701032,1.2569747487892915,76.40418201630249,1.9774844842113126,600,3500,74.40432160672461,34.248864805053515,72.91345836865779,0
158,242.00561281140182,459.85386343585424,54.47190690366326,149.66390372051168,26.847006571867244,3.682572623992355,41.230780592192595,1.6580187144649856,600,3500,71.38568825282483,26.105897461477515,43.32502434385666,1
159,252.49908673461047,480.16194904833543,180.0066512848712,145.6961513498999,33.24726691233382,1.5756019741562288,48.60835119187567,0.5407511318383398,600,3500,64.03849667566917,30.40119602905559,45.9766813221362,0
160,265.7501433497525,478.44385136954617,156.70771687649514,144.35123218489755,19.21324378011333,1.9701146863465624,51.6038441472098,0.597806886890738,600,3500,59.662641833835266,21.63487389596539,40.41650466132135,1
161,273.0951539985529,497.0110960491481,187.32172827604788,141.364038037885,27.459331671269656,1.6799692066809642,51.97024948472261,1.195897065218499,600,3500,62.02331121938268,22.441497438085797,43.00575436673577,1
162,263.5501813789387,473.0946811672326,15.251953308043747,131.97547638178798,27.63120440185041,2.064988917495812,60.64697912472627,1.8638303087923402,600,3500,61.46620475285387,17.824329608302968,51.90580309768991,1
163,256.0383871322994,464.104055822926,262.91593359380397,138.34272842056777,29.66226044830562,1.20827152823828,77.15379188723537,1.3080526969290713,600,3500,85.10060878292325,27.471378882676927,55.64843864643544,0
164,244.7341066010941,464.18271131869875,280.3143019202476,146.73097592862857,17.631353702545198,2.557179372724811,42.034635591625246,1.2467187620514353,600,3500,50.36510320611992,24.645185904308708,30.61532046859491,1
165,252.43388020040206,464.8874202251699,173.8886232408706,149.4799246449103,29.31649929364177,1.2028376907766447,36.0750688150459,0.6582105499349459,600,3500,71.69056910600449,30.353920315700115,55.14158134918873,0
166,265.1177754244411,458.1364381529812,212.02873892429875,146.4675034367322,33.18065041331282,3.4010695234670845,39.873524492996864,1.485170157086441,600,3500,63.8609703259932,27.404982805984673,38.47883695636686,1
167,269.36263786500564,467.4791871381937,277.52482054141575,140.82581754609393,18.593662177404838,1.701136245731299,74.34624501046348,1.7331547409003383,600,3500,71.38615140409709,26.002890837494366,53.88398487259706,1
168,278.76799371462573,451.4648806974548,215.0992039508856,135.19685704268235,19.750866498477553,2.6200357438135318,62.2905406327603,1.0706300112613434,600,3500,59.81838669437737,18.530019401237684,32.631514504373335,1
169,270.091582814832,449.3291884221354,54.23632244513579,154.05586796294403,34.42790188083279,3.6402372626843746,44.29533946195801,1.6634177763879912,600,3500,69.68904605674712,23.190325688247903,45.32566524579415,1
170,271.5502013391151,451.1336228978139,177.1236244483758,161.55857437547718,18.619539054189794,2.9526321071415826,70.79734694843086,1.9467149808512174,600,3500,66.96331869226769,24.888915010441018,52.28502825222257,1
171,257.8514907719522,458.8502054086951,185.9473634510282,154.83769374681046,32.08770186739159,2.598873359654006,73.0684998181718,0.8056496886915336,600,3500,56.42625142877732,26.462678774459015,29.796115152333375,1
172,250.1336832770196,469.5244285800284,132.99789467769193,156.1552763663076,24.845557128960696,1.9730012593461268,72.3257169345139,1.284994446792112,600,3500,64.94870903870223,16.463141361121565,38.88399163677044,1
173,258.9204187589286,452.6547972024604,223.5688283311696,153.2549961655127,19.94462148806354,1.999005739174594,75.94632668197772,0.9307069371268633,600,3500,63.950408028634364,26.477479441167205,34.659912742048334,1
174,256.52447367699045,429.643084641426,280.9664342830143,157.92539917476302,32.41499802545023,3.0084608655945706,42.612051008668075,1.689281628550759,600,3500,62.66182468145886,28.526872453973343,37.998746265679,0
175,268.6182933838568,448.80823696990365,278.41486874296515,162.27339199707774,23.90610510005331,3.982418083663503,67.75209643731392,1.3663900488217362,600,3500,83.59882002812805,23.277723318376264,43.64087334016314,0
176,273.99789342077673,453.7929471495975,140.74341770719832,170.9422692283215,25.296347078593804,2.985517569548136,53.026974863707,1.4518736263254557,600,3500,59.48484678773399,20.48755193057747,32.07330657580969,1
177,301.3421150113941,442.5656491012492,42.83903329381902,164.13781755902392,22.18466738799531,2.6733502521100747,72.09992764450308,1.696871239423841,600,3500,60.703872454350744,22.692766010072077,44.6901480688462,1
178,302.2797693129136,465.8329287340871,295.603947699077,164.97569994812895,26.85901702869855,3.191951530717738,66.42453385808065,1.0939557089936822,600,3500,71.50757470695638,23.560755085485994,29.210247541246964,1
179,288.2157166410981,467.56804824847995,253.2804450693209,150.98732406846875,18.270477451700454,2.3956168368511546,68.82237232498623,1.8726351026105648,600,3500,58.913905991110035,30.264915120567323,47.853693209773674,0
180,287.87042008015,485.25750600943735,46.152177548947385,140.928601665038,22.821630733035214,1.1804270278023556,62.808091884053574,1.2995433008692099,600,3500,71.28461696364907,14.619176414945237,58.96281747596143,0
181,278.24026381948875,486.270283230589,277.04414595903796,148.00140835751145,34.38824644670575,2.686890447633729,38.87143847348534,0.736932234253022,600,3500,53.92900377123319,35.43570756228338,28.25866064393107,0
182,288.0120638276195,517.1815021038187,262.2699449980172,140.39593802626882,20.16266865402255,3.8728758535161405,57.25134594484692,1.5438486772532036,600,3500,71.29777473835865,21.060121598168212,45.2980773488486,1
183,288.4318644723197,543.5116147404668,160.4630365665609,133.66866764188597,28.134733290825842,1.5259088270729788,79.23348697622541,1.6898920256573815,600,3500,77.79723467365002,29.17049572238699,61.93734932986807,0
184,287.05914630134157,539.7771525132807,181.46987636602947,133.6024430454856,21.503801284493896,3.070014672461997,76.86940332485594,0.9751425156012901,600,3500,69.9329804805527,26.955847470898558,28.202456660259333,1
185,285.81782241252495,554.3507167775961,125.71078412233777,139.1605312922579,30.46946251373201,1.6028010659771694,32.158686789850584,1.7857688854981295,600,3500,67.47917183671196,32.51974400715871,58.31934369940205,0
186,293.2212305920023,564.0313560213733,25.880875258389086,130.67391692558513,17.617473214366996,2.607483053419244,38.24074078647186,1.8592148821486496,600,3500,59.35451768680086,26.20775890079138,46.889873546112334,1
187,288.6966082685556,584.5608293843585,107.20720007731127,102.82744629550446,34.39642090157089,1.2900293489401589,36.58643867272809,0.9153567310667134,600,3500,73.01909432393411,29.86574713648305,53.72808725054396,0
188,296.4671062175917,570.0869774756569,242.8275000934233,95.86566035835637,24.075790827672783,2.3511128087745554,66.29899549926478,1.975282209072833,600,3500,57.00845026856084,27.087880486399584,53.007839006862,1
189,306.9228179010549,580.3777493756335,11.343286671334829,105.51068498197907,19.72100926692928,3.268489986685738,70.88926649284726,0.7110672920731376,600,3500,73.75629207887745,16.767709595194123,32.9292411571541,1
190,303.50140077500106,596.2541166783773,106.71475979043181,108.25576539011406,16.469934946600254,2.042714572716946,40.675568315533596,0.8030235026037349,600,3500,57.7655011488189,24.798224275833647,39.00791253261846,1
191,294.24093458288627,569.8730243820305,125.46892114137356,118.84676382041177,18.395158101750816,2.9947351734616543,55.29263464759145,0.7763372588570392,600,3500,54.73653665831302,21.1379890051334,26.815272243837754,1
192,289.11128140653005,552.1241466920438,165.84472485199763,109.7922346833502,25.395478971120355,3.3863498823691875,72.03515140056,1.8409845650118055,600,3500,75.67721532763166,25.20043179323404,47.55438318415163,0
193,296.2123738101696,521.5356640256423,276.7581287597005,96.67706454203775,21.740063528625726,3.781533458438358,66.64007723831253,1.481438828487443,600,3500,79.96038663088872,24.871161097010855,44.113804087113486,0
194,297.13716252568054,517.4945615089739,110.44033836612876,100.37745296321808,31.57766731765219,1.7039262455663606,57.111860274592416,0.7281564248334094,600,3500,62.05815264319452,22.672217419302424,41.7682549583258,1
195,303.4379119116906,528.2576953459134,110.61642854990603,102.29763486469845,23.617750473236118,2.1979477474279245,59.51738452293864,1.1604851275525234,600,3500,57.2532916614862,11.429907675658425,35.88896928909636,1
196,321.0672866347229,550.7930511273538,223.87536195182702,104.74206942771652,19.9742854517526,1.4572480399912524,55.418027345814,1.422947037604703,600,3500,64.41242350647592,19.46218055664843,53.5792575408595,1
197,323.37682386417424,551.9044728336504,141.14320285804408,112.20604256892106,27.342899732080603,3.9774505064751255,44.87742256594103,0.6251961274840749,600,3500,73.8717827198291,27.219666213345917,36.912511147834266,1
198,315.2874549502706,576.3337060172198,75.13539865259477,115.57952196021914,29.135544337708914,3.781002903772886,58.251099642950805,1.8236245526110082,600,3500,71.49488831746712,21.148427830307618,46.90520632908532,1
199,325.8616900388944,555.6321841439965,141.2074596784811,118.82446270534217,18.340838158018997,2.619871390841679,64.44426510250453,1.7054053031623027,600,3500,58.13552474241199,19.95684534759505,40.67599339663343,0
200,326.37529863369076,530.0814475536691,50.84853591014196,124.5445188157513,18.35238432576635,3.526099883129264,73.66614579304039,1.2578101603649574,600,3500,77.34685282616383,16.60305806487249,35.40472158067519,0
201,335.0997702102953,529.2482320702198,61.15222608680476,128.56385187324753,15.733428538670859,2.5628739318161267,61.814567698962406,1.9506899228887558,600,3500,53.493222040896164,22.331952424676686,54.50268947387632,1
202,345.76175565127267,535.0092138043094,154.52665409444913,135.4234193269868,29.72804030131281,2.870757064008279,68.0560768521579,1.1266414689126496,600,3500,63.56138587006388,20.85622097969357,30.829811464111888,1
203,336.1716746870049,534.518792582898,131.48838035631888,143.49158592521545,28.276090552436102,1.2673732963480497,38.003581747728646,1.9761654785547467,600,3500,69.72989557510822,31.568026522195048,73.59029679052432,0
204,349.9917207287243,503.50716108229983,275.305311309749,155.74509633514276,24.492617514996276,3.265811261490424,53.077873720989494,1.5018799982054407,600,3500,62.00379728826606,25.109780062978057,41.7743028157961,1
205,359.0429403282899,502.170360489608,115.0942307438236,150.55156573591333,31.883408979383944,1.3831404509057044,30.466580991354665,1.4520069098809123,600,3500,76.28345917311115,31.661954299142515,55.69167954251836,0
206,353.0038966034446,482.6033179820352,178.3706215806326,154.3960625951993,31.113403059001065,3.478202890757585,42.33394322608115,0.7489323429436775,600,3500,69.20922873801683,29.71529422903053,29.029476220897767,1
207,356.0483878021531,492.64840621448576,193.35664349666382,151.43347564642093,26.707087287935042,3.3460842630111576,66.32308575565024,1.822891637456966,600,3500,71.46217200458405,26.069521165327966,45.54684847873999,1
208,358.6204627119542,498.14737990593846,13.797392410616755,144.76500374818679,32.36542561026518,3.126234093228929,79.59049756746816,1.1412345318809227,600,3500,76.33077828747068,21.269962481816098,31.156759003687892,0
209,358.85978085661253,484.0491831110281,202.42583788484606,139.24868117954387,19.116824200735365,1.1084811415742863,34.958904979360796,0.7433501086737191,600,3500,74.5496645563489,29.966824743878853,55.789531403362474,0
210,367.5789207447365,476.3411793509777,61.630430392227915,143.20832532003607,17.23839238795456,1.9093850678359858,50.074715793064414,0.5189112799636386,600,3500,55.60239983919799,22.07917825591195,41.25191640738195,1
211,381.95248402807175,460.45297652264344,288.710392066142,146.55434575832408,20.394992230339792,1.7893377097325285,70.00354843495798,1.339633525457574,600,3500,73.08459236123828,25.12422626251483,49.117305142585536,1
212,382.0255477554781,459.5127900635459,53.11219104840276,149.75764199223158,16.141737121786296,2.0804092224145574,40.20178173144494,1.2910994331840144,600,3500,57.267021366986306,19.207998949312568,38.93929334311413,1
213,395.334361035199,473.83992487106445,130.24099588083686,147.95193281167693,25.62339056002064,1.2629282402915156,57.75424746511431,1.5790304335537377,600,3500,74.17194407071024,21.289819051274627,64.8419259828582,0
214,405.2163871402401,459.0540341760313,34.751403742806716,147.97925082110422,33.73211384589923,3.8108734690931882,66.65356480148374,1.8353870795267033,600,3500,76.80542286572124,26.221487959911904,53.7760911730552,0
215,407.53934872200415,466.61473190879894,299.09353303532475,154.5212723881126,15.786870813370193,2.6614067221371287,60.79927251300895,0.6191098769645442,600,3500,63.57972858574823,25.42766699391515,32.93653212162852,1
216,409.30115794252737,458.6608676332123,155.63655299606035,142.60612791091816,17.442198280200536,1.9165729319740707,39.401236730770805,1.5972447355105435,600,3500,66.46590349295555,26.857362178711696,51.030356574321964,1
217,397.7755042259272,446.76777514927716,182.6616550228127,142.80326469834682,24.043980565668704,2.1909445512228505,47.76922843428697,0.7811179161463733,600,3500,56.86673739313118,24.2971532042752,37.114912813472145,1
218,382.76782029385544,445.1623197499588,29.45217844264397,143.52291388336113,33.6775003505581,2.341607621514507,69.18958922426987,1.787265579735746,600,3500,66.33960617947156,26.645699768541547,47.60762860348435,1
219,384.41804827494883,429.63368491366816,227.48853641576156,149.54934803598232,21.32312209953501,2.8017830000818518,57.71132570660083,1.728595270792484,600,3500,57.403772437106504,22.183309006041664,47.4273348144364,1
220,375.85875909665515,421.3289453334604,70.87262199771988,138.74736074043972,25.144696173767848,2.5470382830894933,30.261480677145638,1.3111906324783167,600,3500,59.78232587877125,28.38486338823817,39.04795190275171,0
221,375.46239767625895,403.3607769446277,270.435743937807,150.708430704579,15.831457181007842,3.758175919643252,68.0495380014047,1.5653641979349673,600,3500,76.59878656906078,25.574958812986196,46.747701653846086,0
222,370.1157702577583,432.8316539383735,69.49049573978208,152.41747410000707,17.966864019241775,2.490890448717491,31.765567747011954,0.9715251697756226,600,3500,58.39093518841916,25.803331740099612,35.405888804248434,1
223,352.2308052079533,433.36060721794945,65.29943899246331,154.55011847356656,34.73260245917694,3.976474044469938,67.2866891365616,1.206751848399222,600,3500,81.794611034619,18.246244236383482,37.42599964569683,0
224,355.80385062731966,422.86472459806066,20.599403675947514,151.33908041490875,34.30237392872091,3.554274873235287,40.124028008261874,1.7324553465657075,600,3500,73.03602863401491,24.892503929840355,47.897625561560034,1
225,351.65853257342076,426.07442325907397,146.89941408189978,155.6432592532835,15.098799618688192,1.6255315430720074,77.90367400596901,1.1888977957598208,600,3500,80.43655655821323,21.745293809056367,49.146656547097884,0
226,352.4605196988289,424.38950251371153,173.80392864615877,156.02689165554835,34.03623570846478,3.7917856439317488,48.39703756510423,1.0366973979881626,600,3500,66.63383093705428,25.718614653342755,33.25407857301545,1
227,343.52931696253665,421.0749585207132,29.055505434222187,165.69874720840008,27.78239875631001,1.3490991936564283,46.34658081690395,1.2413186708754498,600,3500,69.65529539006812,17.432232558571467,54.568273318014384,1
228,340.1811444885893,430.2874590213646,234.90300884155306,154.16679322389115,32.35836589040044,3.4523491254735745,37.44440251662223,1.7423738786558276,600,3500,68.3621927187908,33.967527631065586,45.710042534300875,0
229,355.7849458999181,441.6500746720742,141.453762076928,155.57115986301523,24.09479711267718,2.1418698804297405,45.28021077451074,1.002812071056309,600,3500,58.05793409343239,23.57994636066497,40.38194467564903,1
230,357.07045590062893,433.6925574579163,162.07317810499822,158.83925865003462,25.311920571585006,3.6339229613352084,73.83253809141003,0.7606423897036156,600,3500,85.80949540743745,27.290471713950993,35.26133751427901,0
231,362.5662193512556,425.05528384824606,137.82119661208617,157.3482794951299,24.776931605138405,3.604170070322351,79.81671688136237,1.5680210304961713,600,3500,83.50009004540945,27.372456362458333,40.73480087127938,0
232,349.8575012824952,420.9295083909714,126.22128765384454,154.11095290867354,28.337285150922085,3.4177762003528636,48.41547652534241,1.7389673190621227,600,3500,67.77458377154778,23.622965078128868,48.42546696805467,1
233,373.74786085641983,386.40069091993763,172.2956960793832,151.20729467692388,17.793025095126257,3.370091308921184,52.43053154772713,0.6509562177853,600,3500,71.24061170825095,23.136804981521582,32.460907784113125,1
234,392.18199843962515,363.67282498695937,55.01967131990663,152.6044088318665,15.599471797453559,1.9140374172941224,66.10354691013686,0.8598111691339171,600,3500,72.58830144334443,18.083679841643292,40.33054062355852,1
235,405.8163533491422,384.17593899862726,62.75915784362863,138.12473762402084,21.158598831823817,1.2427578491537565,74.30978902325373,0.7129579846414908,600,3500,82.63024736727448,25.206585116043307,55.819638181498675,0
236,414.104013125191,408.85045470114653,259.91783009392003,145.84485731252667,29.093615254732935,2.2089405362954846,59.65221670933921,1.02191211737325,600,3500,58.72215832008656,21.44302536416354,34.338965234112635,1
237,414.25544590778964,405.11491410780087,284.3734840187535,142.00380237095987,19.037069042458967,1.5205735449595261,49.576284908891466,1.175526468358119,600,3500,67.54185658392832,26.809859856095123,51.24994947053707,1
238,418.67618607645693,413.7632685536374,118.25970172112835,143.02622394989413,28.468648666498346,3.084853266707385,50.63109204243119,1.6232395054449598,600,3500,60.38873176272642,21.595574551772316,43.16122451448994,1
239,429.15638351640644,418.4320208717904,88.5159552116306,145.96304208419866,34.398240922145405,2.0382991796133565,64.78090732484034,1.4767213773225112,600,3500,63.48410005380928,20.74991097474219,45.673155837763154,1
